setup,prompt_idx,elapsed_s,generated_tokens,tokens_per_s,prompt_preview,output_preview
prompt,0,38.71535772969946,1023,26.423622561938323,"Find the pH of 0.15 M H_2SO_4, solution, assuming K_2 =1.26 × 10^-2.
A: 2.87
B: 0.79
C: 1.75
D: 2.30
E: 1.26
F: 0.15
G: 0.30
H: 3.14
I: 0.16","To find the pH of a solution of H_2SO_4, we need to consider the dissociation of the acid in water. H_2SO_4 is a strong acid, but it is diprotic, meaning it can donate two protons (H+ ions). However, "
prompt,1,38.93902852293104,1024,26.297523046754247,"Calculate the internal energy change for the reaction Cl_2(g) + (7/2)O_2(g) = Cl_2O_7(g) at 25°C, given that the gases are ideal. The enthal","To calculate the internal energy change, \DeltaU, we need to use the following equation:

\DeltaU = \DeltaH - \Delta(nRT)

where \DeltaH is the enthalpy change, \Delta(nRT) is the change in the produc"
prompt,2,8.102024835068733,220,27.153705953572736,"When a solid melts, the entropy change and enthalpy changes expected are
A: Positive enthalpy change and negative entropy change
B: negative","To solve this, let's consider the process of melting a solid. 

1. When a solid melts, it changes from a more ordered state (solid) to a less ordered state (liquid). This is because in a solid, the pa"
prompt,3,18.620177790056914,500,26.85259000410821,"Suggest a reason why liquid hydrogen fluoride is preferable to concentrated, aqueoushydrobromicacid in inducing propeneto react with benzene","To determine why liquid hydrogen fluoride is preferable to concentrated, aqueous hydrobromic acid in inducing propene to react with benzene to produce isopropylbenzene, let's analyze the given options"
prompt,4,23.5875339419581,627,26.581837742888272,Assume that all gases are perfect and that data refer to 298.15 K unless otherwise stated. Suppose that $3.0 \mathrm{mmol} \mathrm{N}_2$ (g),"To solve this problem, we need to follow these steps:

## Step 1: Calculate the initial pressure of the gas using the ideal gas law.
We can use the ideal gas law, $PV = nRT$, to find the initial press"
prompt,5,9.282879182137549,254,27.362200349300675,"Calculate the number of liters in one cubic meter.
A: 750 liters
B: 10 liters
C: 5,000 liters
D: 500 liters
E: 1,000 liters
F: 100 liters
G:","To solve this problem, we need to recall the conversion factor between cubic meters and liters. 

1 cubic meter (m³) is equal to 1,000 liters (L).

Now, let's evaluate the options:

A: 750 liters - Th"
prompt,6,13.671310302335769,373,27.28341261746303,"Which of the following molecules is a strong electrolyte when dissolved in water?
A: CH3COOH
B: CO2
C: O2
D: H2O
E: NH3
F: CH4
G: HC2H3O2
H:","To determine which molecule is a strong electrolyte when dissolved in water, we need to identify the type of compound it is and its behavior in aqueous solution.

A strong electrolyte is a substance t"
prompt,7,23.052207896020263,611,26.50505334482443,The vapor pressure of lithium is given in the form of the following equation: lnp° = [(- 3.29 × 10^4°R) / T] + 14.05 where p is in psi and T,"To find the latent heat of vaporization, we need to use the Clausius-Clapeyron equation, which is given by:

ln(p2/p1) = (ΔH/R) * (1/T1 - 1/T2)

However, we are given the vapor pressure equation in th"
prompt,8,19.184677069075406,510,26.58371564784328,"For the $\mathrm{H}_2$ ground electronic state, $D_0=4.4781 \mathrm{eV}$. Find $\Delta H_0^{\circ}$ for $\mathrm{H}_2(g) \rightarrow 2 \math","To find $\Delta H_0^{\circ}$ for $\mathrm{H}_2(g) \rightarrow 2 \mathrm{H}(g)$, we need to use the given $D_0$ value for the $\mathrm{H}_2$ ground electronic state.

The bond dissociation energy ($D_0"
prompt,9,38.664267098065466,1024,26.484402184652687,"Calculate the uncertainty $\Delta L_z$ for the hydrogen-atom stationary state: $2 p_z$.
A: 1
B: 0.75
C: 2
D: 4
E: 0.5
F: 3
G: 0
H: 2.5
I: 0.","To calculate the uncertainty $\Delta L_z$ for the hydrogen-atom stationary state $2 p_z$, we need to use the uncertainty principle, which is given by the equation:

$\Delta L_z \Delta \phi \geq \frac{"
vector,0,38.766499917022884,1024,26.414559018528987,"Find the pH of 0.15 M H_2SO_4, solution, assuming K_2 =1.26 × 10^-2.
A: 2.87
B: 0.79
C: 1.75
D: 2.30
E: 1.26
F: 0.15
G: 0.30
H: 3.14
I: 0.16","To find the pH of a solution of H_2SO_4, we need to consider its dissociation in water. H_2SO_4 is a strong acid, but it is a diprotic acid, meaning it can donate two protons (H+ ions). However, for t"
vector,1,39.013676481321454,1024,26.247205912271806,"Calculate the internal energy change for the reaction Cl_2(g) + (7/2)O_2(g) = Cl_2O_7(g) at 25°C, given that the gases are ideal. The enthal","To calculate the internal energy change, \DeltaU, for the reaction, we need to use the following equation:

\DeltaU = \DeltaH - \Delta(nRT)

where \DeltaH is the enthalpy change, \Delta(nRT) is the ch"
vector,2,7.78698456287384,211,27.096496505975992,"When a solid melts, the entropy change and enthalpy changes expected are
A: Positive enthalpy change and negative entropy change
B: negative","To solve this, let's consider the process of melting a solid. 

1. When a solid melts, it changes from a more ordered state (solid) to a less ordered state (liquid). This is because in a solid, the pa"
vector,3,22.160499594174325,591,26.669073839624325,"Suggest a reason why liquid hydrogen fluoride is preferable to concentrated, aqueoushydrobromicacid in inducing propeneto react with benzene","To determine why liquid hydrogen fluoride is preferable to concentrated, aqueous hydrobromic acid in inducing propene to react with benzene to produce isopropylbenzene, let's analyze the given options"
vector,4,39.19294068124145,1024,26.12715407930866,Assume that all gases are perfect and that data refer to 298.15 K unless otherwise stated. Suppose that $3.0 \mathrm{mmol} \mathrm{N}_2$ (g),"To calculate $\Delta G$ for the process, we need to first find the change in entropy ($\Delta S$) and then use the equation $\Delta G = \Delta H - T \Delta S$. However, since the process is isothermal"
vector,5,4.138968722894788,113,27.301486811180343,"Calculate the number of liters in one cubic meter.
A: 750 liters
B: 10 liters
C: 5,000 liters
D: 500 liters
E: 1,000 liters
F: 100 liters
G:","To calculate the number of liters in one cubic meter, we need to know that 1 cubic meter is equal to 1,000 liters. 

Step 1: Recall the conversion factor between cubic meters and liters. 
1 cubic mete"
vector,6,13.311216770671308,358,26.894611226584768,"Which of the following molecules is a strong electrolyte when dissolved in water?
A: CH3COOH
B: CO2
C: O2
D: H2O
E: NH3
F: CH4
G: HC2H3O2
H:","To determine which of the given molecules is a strong electrolyte when dissolved in water, we need to understand what a strong electrolyte is. A strong electrolyte is a substance that completely disso"
vector,7,39.316800334025174,1024,26.044845747882988,The vapor pressure of lithium is given in the form of the following equation: lnp° = [(- 3.29 × 10^4°R) / T] + 14.05 where p is in psi and T,"To find the latent heat of vaporization, we need to first find the vapor pressure at 2700°F. 

Step 1: Convert the temperature from °F to °R.
T (°R) = T (°F) + 460 = 2700 + 460 = 3160 °R

Step 2: Use "
vector,8,12.436877985019237,333,26.77520840850196,"For the $\mathrm{H}_2$ ground electronic state, $D_0=4.4781 \mathrm{eV}$. Find $\Delta H_0^{\circ}$ for $\mathrm{H}_2(g) \rightarrow 2 \math","To find $\Delta H_0^{\circ}$ for $\mathrm{H}_2(g) \rightarrow 2 \mathrm{H}(g)$, we need to use the given $D_0$ value for $\mathrm{H}_2$ and the fact that $\Delta H_0^{\circ} = D_0$ for a homonuclear d"
vector,9,25.92646158998832,695,26.80658899741178,"Calculate the uncertainty $\Delta L_z$ for the hydrogen-atom stationary state: $2 p_z$.
A: 1
B: 0.75
C: 2
D: 4
E: 0.5
F: 3
G: 0
H: 2.5
I: 0.","To calculate the uncertainty $\Delta L_z$ for the hydrogen-atom stationary state $2 p_z$, we need to understand the relationship between the uncertainty principle and the orbital angular momentum.

Th"
lora,0,28.460355995688587,570,20.027859106412738,"Find the pH of 0.15 M H_2SO_4, solution, assuming K_2 =1.26 × 10^-2.
A: 2.87
B: 0.79
C: 1.75
D: 2.30
E: 1.26
F: 0.15
G: 0.30
H: 3.14
I: 0.16","To find the pH of 0.15 M H_2SO_4, we need to consider the dissociation of H_2SO_4 in water. H_2SO_4 is a strong acid, but it is a diprotic acid, meaning it can donate two protons (H^+ ions). However, "
lora,1,52.14184833411127,1024,19.63873611534591,"Calculate the internal energy change for the reaction Cl_2(g) + (7/2)O_2(g) = Cl_2O_7(g) at 25°C, given that the gases are ideal. The enthal","To calculate the internal energy change for the reaction, we need to use the first law of thermodynamics, which states that ΔU = ΔH - Δ(PV). 

First, let's calculate ΔH for the reaction. The given rea"
lora,2,10.237856480758637,205,20.02372277686093,"When a solid melts, the entropy change and enthalpy changes expected are
A: Positive enthalpy change and negative entropy change
B: negative","To solve this, let's consider the process of melting a solid. When a solid melts, it transitions from a solid state to a liquid state. This process is known as fusion.

1. **Entropy Change**: Entropy "
lora,3,21.25602522632107,425,19.9943308062002,"Suggest a reason why liquid hydrogen fluoride is preferable to concentrated, aqueoushydrobromicacid in inducing propeneto react with benzene","To solve this problem, let's analyze the given options and the properties of the substances involved.

A: Hydrogen fluoride reacts more selectively with propene - This option suggests that hydrogen fl"
lora,4,52.214125426951796,1024,19.611551311581167,Assume that all gases are perfect and that data refer to 298.15 K unless otherwise stated. Suppose that $3.0 \mathrm{mmol} \mathrm{N}_2$ (g),"To solve this problem, we need to calculate the change in Gibbs free energy ($\Delta G$) for the expansion of nitrogen gas. 

First, we need to calculate the initial and final pressures of the gas. We"
lora,5,6.099030106328428,123,20.1671409807231,"Calculate the number of liters in one cubic meter.
A: 750 liters
B: 10 liters
C: 5,000 liters
D: 500 liters
E: 1,000 liters
F: 100 liters
G:","To solve this problem, we need to know that 1 cubic meter (m³) is equal to 1,000 liters (L). This is a conversion factor between the metric system units of volume.

Step 1: Recall the conversion facto"
lora,6,15.208777733147144,307,20.185711527028324,"Which of the following molecules is a strong electrolyte when dissolved in water?
A: CH3COOH
B: CO2
C: O2
D: H2O
E: NH3
F: CH4
G: HC2H3O2
H:","To determine which molecule is a strong electrolyte when dissolved in water, we need to understand what a strong electrolyte is. A strong electrolyte is a substance that completely dissociates into it"
lora,7,52.39760886691511,1024,19.542876519439307,The vapor pressure of lithium is given in the form of the following equation: lnp° = [(- 3.29 × 10^4°R) / T] + 14.05 where p is in psi and T,"To find the latent heat of vaporization, we need to first find the vapor pressure at 2700°F. We can use the given equation to find the vapor pressure:

ln(p°) = [(- 3.29 × 10^4°R) / T] + 14.05

First,"
lora,8,52.98302309028804,1024,19.326945505827553,"For the $\mathrm{H}_2$ ground electronic state, $D_0=4.4781 \mathrm{eV}$. Find $\Delta H_0^{\circ}$ for $\mathrm{H}_2(g) \rightarrow 2 \math","To find $\Delta H_0^{\circ}$ for $\mathrm{H}_2(g) \rightarrow 2 \mathrm{H}(g)$, we need to use the formula:

$\Delta H_0^{\circ} = D_0 - 2E_{\text{H}}$

where $D_0$ is the dissociation energy of $\mat"
lora,9,15.234935317188501,304,19.9541378857722,"Calculate the uncertainty $\Delta L_z$ for the hydrogen-atom stationary state: $2 p_z$.
A: 1
B: 0.75
C: 2
D: 4
E: 0.5
F: 3
G: 0
H: 2.5
I: 0.","To calculate the uncertainty $\Delta L_z$ for the hydrogen-atom stationary state $2 p_z$, we need to understand the relationship between the uncertainty principle and the orbital angular momentum.

Th"
